"CodeDepartement";"NomDepartement";"NbCirconscriptions";"Circonscription";"RelationOSM";"UrlOpenStreetMap"
"001";"Ain";"5";"001-01";"2187468";"https://www.openstreetmap.org/relation/2187468"
"001";"Ain";"5";"001-02";"2186337";"https://www.openstreetmap.org/relation/2186337"
"001";"Ain";"5";"001-03";"2186338";"https://www.openstreetmap.org/relation/2186338"
"001";"Ain";"5";"001-04";"2187249";"https://www.openstreetmap.org/relation/2187249"
"001";"Ain";"5";"001-05";"2186340";"https://www.openstreetmap.org/relation/2186340"
"002";"Aisne";"5";"002-01";"3108388";"https://www.openstreetmap.org/relation/3108388"
"002";"Aisne";"5";"002-02";"3108389";"https://www.openstreetmap.org/relation/3108389"
"002";"Aisne";"5";"002-03";"2187264";"https://www.openstreetmap.org/relation/2187264"
"002";"Aisne";"5";"002-04";"3108390";"https://www.openstreetmap.org/relation/3108390"
"002";"Aisne";"5";"002-05";"3108391";"https://www.openstreetmap.org/relation/3108391"
"003";"Allier";"3";"003-01";"3108680";"https://www.openstreetmap.org/relation/3108680"
"003";"Allier";"3";"003-02";"2215234";"https://www.openstreetmap.org/relation/2215234"
"003";"Allier";"3";"003-03";"2914694";"https://www.openstreetmap.org/relation/2914694"
"004";"Alpes-de-Haute-Provence";"2";"004-01";"2186343";"https://www.openstreetmap.org/relation/2186343"
"004";"Alpes-de-Haute-Provence";"2";"004-02";"2186345";"https://www.openstreetmap.org/relation/2186345"
"005";"Hautes-Alpes";"2";"005-01";"2186436";"https://www.openstreetmap.org/relation/2186436"
"005";"Hautes-Alpes";"2";"005-02";"2186437";"https://www.openstreetmap.org/relation/2186437"
"006";"Alpes-Maritimes";"9";"006-01";"2191568";"https://www.openstreetmap.org/relation/2191568"
"006";"Alpes-Maritimes";"9";"006-02";"2186982";"https://www.openstreetmap.org/relation/2186982"
"006";"Alpes-Maritimes";"9";"006-03";"2186983";"https://www.openstreetmap.org/relation/2186983"
"006";"Alpes-Maritimes";"9";"006-04";"2186984";"https://www.openstreetmap.org/relation/2186984"
"006";"Alpes-Maritimes";"9";"006-05";"2186985";"https://www.openstreetmap.org/relation/2186985"
"006";"Alpes-Maritimes";"9";"006-06";"2186986";"https://www.openstreetmap.org/relation/2186986"
"006";"Alpes-Maritimes";"9";"006-07";"2186987";"https://www.openstreetmap.org/relation/2186987"
"006";"Alpes-Maritimes";"9";"006-08";"2186988";"https://www.openstreetmap.org/relation/2186988"
"006";"Alpes-Maritimes";"9";"006-09";"2186989";"https://www.openstreetmap.org/relation/2186989"
"007";"Ardeche";"3";"007-01";"2681102";"https://www.openstreetmap.org/relation/2681102"
"007";"Ardeche";"3";"007-02";"2186822";"https://www.openstreetmap.org/relation/2186822"
"007";"Ardeche";"3";"007-03";"2681156";"https://www.openstreetmap.org/relation/2681156"
"008";"Ardennes";"3";"008-01";"7152599";"https://www.openstreetmap.org/relation/7152599"
"008";"Ardennes";"3";"008-02";"7152598";"https://www.openstreetmap.org/relation/7152598"
"008";"Ardennes";"3";"008-03";"7152597";"https://www.openstreetmap.org/relation/7152597"
"009";"Ariege";"2";"009-01";"2186284";"https://www.openstreetmap.org/relation/2186284"
"009";"Ariege";"2";"009-02";"2186285";"https://www.openstreetmap.org/relation/2186285"
"010";"Aube";"3";"010-01";"2202845";"https://www.openstreetmap.org/relation/2202845"
"010";"Aube";"3";"010-02";"2202846";"https://www.openstreetmap.org/relation/2202846"
"010";"Aube";"3";"010-03";"3107639";"https://www.openstreetmap.org/relation/3107639"
"011";"Aude";"3";"011-01";"7171994";"https://www.openstreetmap.org/relation/7171994"
"011";"Aude";"3";"011-02";"2799091";"https://www.openstreetmap.org/relation/2799091"
"011";"Aude";"3";"011-03";"7171993";"https://www.openstreetmap.org/relation/7171993"
"012";"Aveyron";"3";"012-01";"2187018";"https://www.openstreetmap.org/relation/2187018"
"012";"Aveyron";"3";"012-02";"2187019";"https://www.openstreetmap.org/relation/2187019"
"012";"Aveyron";"3";"012-03";"2187020";"https://www.openstreetmap.org/relation/2187020"
"013";"Bouches-du-Rhone";"16";"013-01";"7177612";"https://www.openstreetmap.org/relation/7177612"
"013";"Bouches-du-Rhone";"16";"013-02";"3108692";"https://www.openstreetmap.org/relation/3108692"
"013";"Bouches-du-Rhone";"16";"013-03";"7177611";"https://www.openstreetmap.org/relation/7177611"
"013";"Bouches-du-Rhone";"16";"013-04";"7177615";"https://www.openstreetmap.org/relation/7177615"
"013";"Bouches-du-Rhone";"16";"013-05";"7177616";"https://www.openstreetmap.org/relation/7177616"
"013";"Bouches-du-Rhone";"16";"013-06";"7177613";"https://www.openstreetmap.org/relation/7177613"
"013";"Bouches-du-Rhone";"16";"013-07";"7177614";"https://www.openstreetmap.org/relation/7177614"
"013";"Bouches-du-Rhone";"16";"013-08";"2186835";"https://www.openstreetmap.org/relation/2186835"
"013";"Bouches-du-Rhone";"16";"013-09";"2186836";"https://www.openstreetmap.org/relation/2186836"
"013";"Bouches-du-Rhone";"16";"013-10";"2186837";"https://www.openstreetmap.org/relation/2186837"
"013";"Bouches-du-Rhone";"16";"013-11";"7206979";"https://www.openstreetmap.org/relation/7206979"
"013";"Bouches-du-Rhone";"16";"013-12";"2186839";"https://www.openstreetmap.org/relation/2186839"
"013";"Bouches-du-Rhone";"16";"013-13";"2186840";"https://www.openstreetmap.org/relation/2186840"
"013";"Bouches-du-Rhone";"16";"013-14";"2186841";"https://www.openstreetmap.org/relation/2186841"
"013";"Bouches-du-Rhone";"16";"013-15";"2186842";"https://www.openstreetmap.org/relation/2186842"
"013";"Bouches-du-Rhone";"16";"013-16";"2186843";"https://www.openstreetmap.org/relation/2186843"
"014";"Calvados";"6";"014-01";"2732368";"https://www.openstreetmap.org/relation/2732368"
"014";"Calvados";"6";"014-02";"2732767";"https://www.openstreetmap.org/relation/2732767"
"014";"Calvados";"6";"014-03";"2186465";"https://www.openstreetmap.org/relation/2186465"
"014";"Calvados";"6";"014-04";"2186468";"https://www.openstreetmap.org/relation/2186468"
"014";"Calvados";"6";"014-05";"2186470";"https://www.openstreetmap.org/relation/2186470"
"014";"Calvados";"6";"014-06";"2186471";"https://www.openstreetmap.org/relation/2186471"
"015";"Cantal";"2";"015-01";"2188852";"https://www.openstreetmap.org/relation/2188852"
"015";"Cantal";"2";"015-02";"2188853";"https://www.openstreetmap.org/relation/2188853"
"016";"Charente";"3";"016-01";"2186484";"https://www.openstreetmap.org/relation/2186484"
"016";"Charente";"3";"016-02";"2186485";"https://www.openstreetmap.org/relation/2186485"
"016";"Charente";"3";"016-03";"2186486";"https://www.openstreetmap.org/relation/2186486"
"017";"Charente-Maritime";"5";"017-01";"2186488";"https://www.openstreetmap.org/relation/2186488"
"017";"Charente-Maritime";"5";"017-02";"2186489";"https://www.openstreetmap.org/relation/2186489"
"017";"Charente-Maritime";"5";"017-03";"2186490";"https://www.openstreetmap.org/relation/2186490"
"017";"Charente-Maritime";"5";"017-04";"2186491";"https://www.openstreetmap.org/relation/2186491"
"017";"Charente-Maritime";"5";"017-05";"2186492";"https://www.openstreetmap.org/relation/2186492"
"018";"Cher";"3";"018-01";"2187149";"https://www.openstreetmap.org/relation/2187149"
"018";"Cher";"3";"018-02";"2187150";"https://www.openstreetmap.org/relation/2187150"
"018";"Cher";"3";"018-03";"2187151";"https://www.openstreetmap.org/relation/2187151"
"019";"Correze";"2";"019-01";"2951864";"https://www.openstreetmap.org/relation/2951864"
"019";"Correze";"2";"019-02";"2951865";"https://www.openstreetmap.org/relation/2951865"
"021";"Cote-d'Or";"5";"021-01";"2187161";"https://www.openstreetmap.org/relation/2187161"
"021";"Cote-d'Or";"5";"021-02";"2187162";"https://www.openstreetmap.org/relation/2187162"
"021";"Cote-d'Or";"5";"021-03";"2187163";"https://www.openstreetmap.org/relation/2187163"
"021";"Cote-d'Or";"5";"021-04";"2187164";"https://www.openstreetmap.org/relation/2187164"
"021";"Cote-d'Or";"5";"021-05";"2187165";"https://www.openstreetmap.org/relation/2187165"
"022";"Cotes-d'Armor";"5";"022-01";"2190754";"https://www.openstreetmap.org/relation/2190754"
"022";"Cotes-d'Armor";"5";"022-02";"2190755";"https://www.openstreetmap.org/relation/2190755"
"022";"Cotes-d'Armor";"5";"022-03";"2190756";"https://www.openstreetmap.org/relation/2190756"
"022";"Cotes-d'Armor";"5";"022-04";"2190757";"https://www.openstreetmap.org/relation/2190757"
"022";"Cotes-d'Armor";"5";"022-05";"2190758";"https://www.openstreetmap.org/relation/2190758"
"023";"Creuse";"1";"023-01";"2186526";"https://www.openstreetmap.org/relation/2186526"
"024";"Dordogne";"4";"024-01";"7171257";"https://www.openstreetmap.org/relation/7171257"
"024";"Dordogne";"4";"024-02";"7171255";"https://www.openstreetmap.org/relation/7171255"
"024";"Dordogne";"4";"024-03";"7171256";"https://www.openstreetmap.org/relation/7171256"
"024";"Dordogne";"4";"024-04";"7171258";"https://www.openstreetmap.org/relation/7171258"
"025";"Doubs";"5";"025-01";"2084291";"https://www.openstreetmap.org/relation/2084291"
"025";"Doubs";"5";"025-02";"2084290";"https://www.openstreetmap.org/relation/2084290"
"025";"Doubs";"5";"025-03";"2084293";"https://www.openstreetmap.org/relation/2084293"
"025";"Doubs";"5";"025-04";"2084292";"https://www.openstreetmap.org/relation/2084292"
"025";"Doubs";"5";"025-05";"2084289";"https://www.openstreetmap.org/relation/2084289"
"026";"Drome";"4";"026-01";"2186818";"https://www.openstreetmap.org/relation/2186818"
"026";"Drome";"4";"026-02";"2186819";"https://www.openstreetmap.org/relation/2186819"
"026";"Drome";"4";"026-03";"2186820";"https://www.openstreetmap.org/relation/2186820"
"026";"Drome";"4";"026-04";"2186821";"https://www.openstreetmap.org/relation/2186821"
"027";"Eure";"5";"027-01";"7172084";"https://www.openstreetmap.org/relation/7172084"
"027";"Eure";"5";"027-02";"7172083";"https://www.openstreetmap.org/relation/7172083"
"027";"Eure";"5";"027-03";"7172082";"https://www.openstreetmap.org/relation/7172082"
"027";"Eure";"5";"027-04";"7172081";"https://www.openstreetmap.org/relation/7172081"
"027";"Eure";"5";"027-05";"7172080";"https://www.openstreetmap.org/relation/7172080"
"028";"Eure-et-Loir";"4";"028-01";"2942106";"https://www.openstreetmap.org/relation/2942106"
"028";"Eure-et-Loir";"4";"028-02";"2190664";"https://www.openstreetmap.org/relation/2190664"
"028";"Eure-et-Loir";"4";"028-03";"7158763";"https://www.openstreetmap.org/relation/7158763"
"028";"Eure-et-Loir";"4";"028-04";"2190666";"https://www.openstreetmap.org/relation/2190666"
"029";"Finistere";"8";"029-01";"2190769";"https://www.openstreetmap.org/relation/2190769"
"029";"Finistere";"8";"029-02";"2190770";"https://www.openstreetmap.org/relation/2190770"
"029";"Finistere";"8";"029-03";"2190771";"https://www.openstreetmap.org/relation/2190771"
"029";"Finistere";"8";"029-04";"2190772";"https://www.openstreetmap.org/relation/2190772"
"029";"Finistere";"8";"029-05";"2190773";"https://www.openstreetmap.org/relation/2190773"
"029";"Finistere";"8";"029-06";"2190774";"https://www.openstreetmap.org/relation/2190774"
"029";"Finistere";"8";"029-07";"2190775";"https://www.openstreetmap.org/relation/2190775"
"029";"Finistere";"8";"029-08";"2190776";"https://www.openstreetmap.org/relation/2190776"
"02A";"Corse-du-Sud";"2";"02A-01";"2190884";"https://www.openstreetmap.org/relation/2190884"
"02A";"Corse-du-Sud";"2";"02A-02";"2190886";"https://www.openstreetmap.org/relation/2190886"
"02B";"Haute-Corse";"2";"02B-01";"3236175";"https://www.openstreetmap.org/relation/3236175"
"02B";"Haute-Corse";"2";"02B-02";"3236176";"https://www.openstreetmap.org/relation/3236176"
"030";"Gard";"6";"030-01";"2186969";"https://www.openstreetmap.org/relation/2186969"
"030";"Gard";"6";"030-02";"2186970";"https://www.openstreetmap.org/relation/2186970"
"030";"Gard";"6";"030-03";"2186971";"https://www.openstreetmap.org/relation/2186971"
"030";"Gard";"6";"030-04";"7174543";"https://www.openstreetmap.org/relation/7174543"
"030";"Gard";"6";"030-05";"7174542";"https://www.openstreetmap.org/relation/7174542"
"030";"Gard";"6";"030-06";"2186973";"https://www.openstreetmap.org/relation/2186973"
"031";"Haute-Garonne";"10";"031-01";"2186346";"https://www.openstreetmap.org/relation/2186346"
"031";"Haute-Garonne";"10";"031-02";"2186347";"https://www.openstreetmap.org/relation/2186347"
"031";"Haute-Garonne";"10";"031-03";"2186348";"https://www.openstreetmap.org/relation/2186348"
"031";"Haute-Garonne";"10";"031-04";"7152303";"https://www.openstreetmap.org/relation/7152303"
"031";"Haute-Garonne";"10";"031-05";"2186349";"https://www.openstreetmap.org/relation/2186349"
"031";"Haute-Garonne";"10";"031-06";"2186351";"https://www.openstreetmap.org/relation/2186351"
"031";"Haute-Garonne";"10";"031-07";"2186352";"https://www.openstreetmap.org/relation/2186352"
"031";"Haute-Garonne";"10";"031-08";"2186353";"https://www.openstreetmap.org/relation/2186353"
"031";"Haute-Garonne";"10";"031-09";"2186354";"https://www.openstreetmap.org/relation/2186354"
"031";"Haute-Garonne";"10";"031-10";"2186355";"https://www.openstreetmap.org/relation/2186355"
"032";"Gers";"2";"032-01";"2186323";"https://www.openstreetmap.org/relation/2186323"
"032";"Gers";"2";"032-02";"2186324";"https://www.openstreetmap.org/relation/2186324"
"033";"Gironde";"12";"033-01";"2186249";"https://www.openstreetmap.org/relation/2186249"
"033";"Gironde";"12";"033-02";"2187812";"https://www.openstreetmap.org/relation/2187812"
"033";"Gironde";"12";"033-03";"2186250";"https://www.openstreetmap.org/relation/2186250"
"033";"Gironde";"12";"033-04";"2186251";"https://www.openstreetmap.org/relation/2186251"
"033";"Gironde";"12";"033-05";"2186252";"https://www.openstreetmap.org/relation/2186252"
"033";"Gironde";"12";"033-06";"2186253";"https://www.openstreetmap.org/relation/2186253"
"033";"Gironde";"12";"033-07";"2186254";"https://www.openstreetmap.org/relation/2186254"
"033";"Gironde";"12";"033-08";"2186255";"https://www.openstreetmap.org/relation/2186255"
"033";"Gironde";"12";"033-09";"2186259";"https://www.openstreetmap.org/relation/2186259"
"033";"Gironde";"12";"033-10";"2186260";"https://www.openstreetmap.org/relation/2186260"
"033";"Gironde";"12";"033-11";"2186261";"https://www.openstreetmap.org/relation/2186261"
"033";"Gironde";"12";"033-12";"2186262";"https://www.openstreetmap.org/relation/2186262"
"034";"Herault";"9";"034-01";"2186503";"https://www.openstreetmap.org/relation/2186503"
"034";"Herault";"9";"034-02";"2974994";"https://www.openstreetmap.org/relation/2974994"
"034";"Herault";"9";"034-03";"2186504";"https://www.openstreetmap.org/relation/2186504"
"034";"Herault";"9";"034-04";"2186505";"https://www.openstreetmap.org/relation/2186505"
"034";"Herault";"9";"034-05";"2186506";"https://www.openstreetmap.org/relation/2186506"
"034";"Herault";"9";"034-06";"2186507";"https://www.openstreetmap.org/relation/2186507"
"034";"Herault";"9";"034-07";"2186508";"https://www.openstreetmap.org/relation/2186508"
"034";"Herault";"9";"034-08";"2186509";"https://www.openstreetmap.org/relation/2186509"
"034";"Herault";"9";"034-09";"2186510";"https://www.openstreetmap.org/relation/2186510"
"035";"Ille-et-Vilaine";"8";"035-01";"2190424";"https://www.openstreetmap.org/relation/2190424"
"035";"Ille-et-Vilaine";"8";"035-02";"2190425";"https://www.openstreetmap.org/relation/2190425"
"035";"Ille-et-Vilaine";"8";"035-03";"2190426";"https://www.openstreetmap.org/relation/2190426"
"035";"Ille-et-Vilaine";"8";"035-04";"2190427";"https://www.openstreetmap.org/relation/2190427"
"035";"Ille-et-Vilaine";"8";"035-05";"2190428";"https://www.openstreetmap.org/relation/2190428"
"035";"Ille-et-Vilaine";"8";"035-06";"2190429";"https://www.openstreetmap.org/relation/2190429"
"035";"Ille-et-Vilaine";"8";"035-07";"2190430";"https://www.openstreetmap.org/relation/2190430"
"035";"Ille-et-Vilaine";"8";"035-08";"2190431";"https://www.openstreetmap.org/relation/2190431"
"036";"Indre";"2";"036-01";"2187127";"https://www.openstreetmap.org/relation/2187127"
"036";"Indre";"2";"036-02";"2187128";"https://www.openstreetmap.org/relation/2187128"
"037";"Indre-et-Loire";"5";"037-01";"7184807";"https://www.openstreetmap.org/relation/7184807"
"037";"Indre-et-Loire";"5";"037-02";"2190291";"https://www.openstreetmap.org/relation/2190291"
"037";"Indre-et-Loire";"5";"037-03";"2190292";"https://www.openstreetmap.org/relation/2190292"
"037";"Indre-et-Loire";"5";"037-04";"2190293";"https://www.openstreetmap.org/relation/2190293"
"037";"Indre-et-Loire";"5";"037-05";"2190294";"https://www.openstreetmap.org/relation/2190294"
"038";"Isere";"10";"038-01";"2186567";"https://www.openstreetmap.org/relation/2186567"
"038";"Isere";"10";"038-02";"2186568";"https://www.openstreetmap.org/relation/2186568"
"038";"Isere";"10";"038-03";"2186569";"https://www.openstreetmap.org/relation/2186569"
"038";"Isere";"10";"038-04";"2186570";"https://www.openstreetmap.org/relation/2186570"
"038";"Isere";"10";"038-05";"2186571";"https://www.openstreetmap.org/relation/2186571"
"038";"Isere";"10";"038-06";"2186572";"https://www.openstreetmap.org/relation/2186572"
"038";"Isere";"10";"038-07";"2186573";"https://www.openstreetmap.org/relation/2186573"
"038";"Isere";"10";"038-08";"2186574";"https://www.openstreetmap.org/relation/2186574"
"038";"Isere";"10";"038-09";"2186575";"https://www.openstreetmap.org/relation/2186575"
"038";"Isere";"10";"038-10";"2186576";"https://www.openstreetmap.org/relation/2186576"
"039";"Jura";"3";"039-01";"2187178";"https://www.openstreetmap.org/relation/2187178"
"039";"Jura";"3";"039-02";"2187179";"https://www.openstreetmap.org/relation/2187179"
"039";"Jura";"3";"039-03";"2187180";"https://www.openstreetmap.org/relation/2187180"
"040";"Landes";"3";"040-01";"2186273";"https://www.openstreetmap.org/relation/2186273"
"040";"Landes";"3";"040-02";"2186274";"https://www.openstreetmap.org/relation/2186274"
"040";"Landes";"3";"040-03";"2186275";"https://www.openstreetmap.org/relation/2186275"
"041";"Loir-et-Cher";"3";"041-01";"2190299";"https://www.openstreetmap.org/relation/2190299"
"041";"Loir-et-Cher";"3";"041-02";"2190300";"https://www.openstreetmap.org/relation/2190300"
"041";"Loir-et-Cher";"3";"041-03";"2190301";"https://www.openstreetmap.org/relation/2190301"
"042";"Loire";"6";"042-01";"2186541";"https://www.openstreetmap.org/relation/2186541"
"042";"Loire";"6";"042-02";"5892165";"https://www.openstreetmap.org/relation/5892165"
"042";"Loire";"6";"042-03";"2186542";"https://www.openstreetmap.org/relation/2186542"
"042";"Loire";"6";"042-04";"2186543";"https://www.openstreetmap.org/relation/2186543"
"042";"Loire";"6";"042-05";"2186544";"https://www.openstreetmap.org/relation/2186544"
"042";"Loire";"6";"042-06";"2186545";"https://www.openstreetmap.org/relation/2186545"
"043";"Haute-Loire";"2";"043-01";"2190949";"https://www.openstreetmap.org/relation/2190949"
"043";"Haute-Loire";"2";"043-02";"2190950";"https://www.openstreetmap.org/relation/2190950"
"044";"Loire-Atlantique";"10";"044-01";"2190243";"https://www.openstreetmap.org/relation/2190243"
"044";"Loire-Atlantique";"10";"044-02";"2805618";"https://www.openstreetmap.org/relation/2805618"
"044";"Loire-Atlantique";"10";"044-03";"2190244";"https://www.openstreetmap.org/relation/2190244"
"044";"Loire-Atlantique";"10";"044-04";"2190245";"https://www.openstreetmap.org/relation/2190245"
"044";"Loire-Atlantique";"10";"044-05";"2190246";"https://www.openstreetmap.org/relation/2190246"
"044";"Loire-Atlantique";"10";"044-06";"2190247";"https://www.openstreetmap.org/relation/2190247"
"044";"Loire-Atlantique";"10";"044-07";"2190248";"https://www.openstreetmap.org/relation/2190248"
"044";"Loire-Atlantique";"10";"044-08";"2190249";"https://www.openstreetmap.org/relation/2190249"
"044";"Loire-Atlantique";"10";"044-09";"2190250";"https://www.openstreetmap.org/relation/2190250"
"044";"Loire-Atlantique";"10";"044-10";"2190251";"https://www.openstreetmap.org/relation/2190251"
"045";"Loiret";"6";"045-01";"2190688";"https://www.openstreetmap.org/relation/2190688"
"045";"Loiret";"6";"045-02";"2190689";"https://www.openstreetmap.org/relation/2190689"
"045";"Loiret";"6";"045-03";"2190690";"https://www.openstreetmap.org/relation/2190690"
"045";"Loiret";"6";"045-04";"2190691";"https://www.openstreetmap.org/relation/2190691"
"045";"Loiret";"6";"045-05";"2190692";"https://www.openstreetmap.org/relation/2190692"
"045";"Loiret";"6";"045-06";"2190693";"https://www.openstreetmap.org/relation/2190693"
"046";"Lot";"2";"046-01";"2186493";"https://www.openstreetmap.org/relation/2186493"
"046";"Lot";"2";"046-02";"2186494";"https://www.openstreetmap.org/relation/2186494"
"047";"Lot-et-Garonne";"3";"047-01";"3108710";"https://www.openstreetmap.org/relation/3108710"
"047";"Lot-et-Garonne";"3";"047-02";"3241450";"https://www.openstreetmap.org/relation/3241450"
"047";"Lot-et-Garonne";"3";"047-03";"3241451";"https://www.openstreetmap.org/relation/3241451"
"048";"Lozere";"1";"048-01";"2186515";"https://www.openstreetmap.org/relation/2186515"
"049";"Maine-et-Loire";"7";"049-01";"2190275";"https://www.openstreetmap.org/relation/2190275"
"049";"Maine-et-Loire";"7";"049-02";"2190276";"https://www.openstreetmap.org/relation/2190276"
"049";"Maine-et-Loire";"7";"049-03";"2190277";"https://www.openstreetmap.org/relation/2190277"
"049";"Maine-et-Loire";"7";"049-04";"2190278";"https://www.openstreetmap.org/relation/2190278"
"049";"Maine-et-Loire";"7";"049-05";"2190279";"https://www.openstreetmap.org/relation/2190279"
"049";"Maine-et-Loire";"7";"049-06";"2190280";"https://www.openstreetmap.org/relation/2190280"
"049";"Maine-et-Loire";"7";"049-07";"2190281";"https://www.openstreetmap.org/relation/2190281"
"050";"Manche";"4";"050-01";"2190654";"https://www.openstreetmap.org/relation/2190654"
"050";"Manche";"4";"050-02";"2190655";"https://www.openstreetmap.org/relation/2190655"
"050";"Manche";"4";"050-03";"2190656";"https://www.openstreetmap.org/relation/2190656"
"050";"Manche";"4";"050-04";"2190657";"https://www.openstreetmap.org/relation/2190657"
"051";"Marne";"5";"051-01";"7174540";"https://www.openstreetmap.org/relation/7174540"
"051";"Marne";"5";"051-02";"7174538";"https://www.openstreetmap.org/relation/7174538"
"051";"Marne";"5";"051-03";"7174539";"https://www.openstreetmap.org/relation/7174539"
"051";"Marne";"5";"051-04";"7174537";"https://www.openstreetmap.org/relation/7174537"
"051";"Marne";"5";"051-05";"3117328";"https://www.openstreetmap.org/relation/3117328"
"052";"Haute-Marne";"2";"052-01";"3491977";"https://www.openstreetmap.org/relation/3491977"
"052";"Haute-Marne";"2";"052-02";"3491978";"https://www.openstreetmap.org/relation/3491978"
"053";"Mayenne";"3";"053-01";"2190648";"https://www.openstreetmap.org/relation/2190648"
"053";"Mayenne";"3";"053-02";"2190649";"https://www.openstreetmap.org/relation/2190649"
"053";"Mayenne";"3";"053-03";"2190650";"https://www.openstreetmap.org/relation/2190650"
"054";"Meurthe-et-Moselle";"6";"054-01";"2187839";"https://www.openstreetmap.org/relation/2187839"
"054";"Meurthe-et-Moselle";"6";"054-02";"2963001";"https://www.openstreetmap.org/relation/2963001"
"054";"Meurthe-et-Moselle";"6";"054-03";"2187840";"https://www.openstreetmap.org/relation/2187840"
"054";"Meurthe-et-Moselle";"6";"054-04";"2963459";"https://www.openstreetmap.org/relation/2963459"
"054";"Meurthe-et-Moselle";"6";"054-05";"2962817";"https://www.openstreetmap.org/relation/2962817"
"054";"Meurthe-et-Moselle";"6";"054-06";"2962887";"https://www.openstreetmap.org/relation/2962887"
"055";"Meuse";"2";"055-01";"3107701";"https://www.openstreetmap.org/relation/3107701"
"055";"Meuse";"2";"055-02";"3107678";"https://www.openstreetmap.org/relation/3107678"
"056";"Morbihan";"6";"056-01";"2190331";"https://www.openstreetmap.org/relation/2190331"
"056";"Morbihan";"6";"056-02";"2190333";"https://www.openstreetmap.org/relation/2190333"
"056";"Morbihan";"6";"056-03";"2190334";"https://www.openstreetmap.org/relation/2190334"
"056";"Morbihan";"6";"056-04";"2190335";"https://www.openstreetmap.org/relation/2190335"
"056";"Morbihan";"6";"056-05";"2190336";"https://www.openstreetmap.org/relation/2190336"
"056";"Morbihan";"6";"056-06";"2190337";"https://www.openstreetmap.org/relation/2190337"
"057";"Moselle";"9";"057-01";"2187706";"https://www.openstreetmap.org/relation/2187706"
"057";"Moselle";"9";"057-02";"2197354";"https://www.openstreetmap.org/relation/2197354"
"057";"Moselle";"9";"057-03";"2445758";"https://www.openstreetmap.org/relation/2445758"
"057";"Moselle";"9";"057-04";"2455171";"https://www.openstreetmap.org/relation/2455171"
"057";"Moselle";"9";"057-05";"2455172";"https://www.openstreetmap.org/relation/2455172"
"057";"Moselle";"9";"057-06";"2455173";"https://www.openstreetmap.org/relation/2455173"
"057";"Moselle";"9";"057-07";"2455174";"https://www.openstreetmap.org/relation/2455174"
"057";"Moselle";"9";"057-08";"2455175";"https://www.openstreetmap.org/relation/2455175"
"057";"Moselle";"9";"057-09";"2455176";"https://www.openstreetmap.org/relation/2455176"
"058";"Nievre";"2";"058-01";"2187156";"https://www.openstreetmap.org/relation/2187156"
"058";"Nievre";"2";"058-02";"2187157";"https://www.openstreetmap.org/relation/2187157"
"059";"Nord";"21";"059-01";"2187105";"https://www.openstreetmap.org/relation/2187105"
"059";"Nord";"21";"059-02";"2187106";"https://www.openstreetmap.org/relation/2187106"
"059";"Nord";"21";"059-03";"2187107";"https://www.openstreetmap.org/relation/2187107"
"059";"Nord";"21";"059-04";"2187108";"https://www.openstreetmap.org/relation/2187108"
"059";"Nord";"21";"059-05";"2187109";"https://www.openstreetmap.org/relation/2187109"
"059";"Nord";"21";"059-06";"2187110";"https://www.openstreetmap.org/relation/2187110"
"059";"Nord";"21";"059-07";"2187111";"https://www.openstreetmap.org/relation/2187111"
"059";"Nord";"21";"059-08";"2187112";"https://www.openstreetmap.org/relation/2187112"
"059";"Nord";"21";"059-09";"2187113";"https://www.openstreetmap.org/relation/2187113"
"059";"Nord";"21";"059-10";"2187114";"https://www.openstreetmap.org/relation/2187114"
"059";"Nord";"21";"059-11";"2187115";"https://www.openstreetmap.org/relation/2187115"
"059";"Nord";"21";"059-12";"2187116";"https://www.openstreetmap.org/relation/2187116"
"059";"Nord";"21";"059-13";"7185039";"https://www.openstreetmap.org/relation/7185039"
"059";"Nord";"21";"059-14";"2187118";"https://www.openstreetmap.org/relation/2187118"
"059";"Nord";"21";"059-15";"2187119";"https://www.openstreetmap.org/relation/2187119"
"059";"Nord";"21";"059-16";"2187120";"https://www.openstreetmap.org/relation/2187120"
"059";"Nord";"21";"059-17";"2187121";"https://www.openstreetmap.org/relation/2187121"
"059";"Nord";"21";"059-18";"2187122";"https://www.openstreetmap.org/relation/2187122"
"059";"Nord";"21";"059-19";"2187123";"https://www.openstreetmap.org/relation/2187123"
"059";"Nord";"21";"059-20";"2187124";"https://www.openstreetmap.org/relation/2187124"
"059";"Nord";"21";"059-21";"2187125";"https://www.openstreetmap.org/relation/2187125"
"060";"Oise";"7";"060-01";"2187166";"https://www.openstreetmap.org/relation/2187166"
"060";"Oise";"7";"060-02";"2187167";"https://www.openstreetmap.org/relation/2187167"
"060";"Oise";"7";"060-03";"2187168";"https://www.openstreetmap.org/relation/2187168"
"060";"Oise";"7";"060-04";"2187169";"https://www.openstreetmap.org/relation/2187169"
"060";"Oise";"7";"060-05";"2187170";"https://www.openstreetmap.org/relation/2187170"
"060";"Oise";"7";"060-06";"2187171";"https://www.openstreetmap.org/relation/2187171"
"060";"Oise";"7";"060-07";"2187172";"https://www.openstreetmap.org/relation/2187172"
"061";"Orne";"3";"061-01";"7171962";"https://www.openstreetmap.org/relation/7171962"
"061";"Orne";"3";"061-02";"7171964";"https://www.openstreetmap.org/relation/7171964"
"061";"Orne";"3";"061-03";"7171963";"https://www.openstreetmap.org/relation/7171963"
"062";"Pas-de-Calais";"12";"062-01";"7171980";"https://www.openstreetmap.org/relation/7171980"
"062";"Pas-de-Calais";"12";"062-02";"2207988";"https://www.openstreetmap.org/relation/2207988"
"062";"Pas-de-Calais";"12";"062-03";"2187057";"https://www.openstreetmap.org/relation/2187057"
"062";"Pas-de-Calais";"12";"062-04";"7171981";"https://www.openstreetmap.org/relation/7171981"
"062";"Pas-de-Calais";"12";"062-05";"2187059";"https://www.openstreetmap.org/relation/2187059"
"062";"Pas-de-Calais";"12";"062-06";"7171979";"https://www.openstreetmap.org/relation/7171979"
"062";"Pas-de-Calais";"12";"062-07";"2187061";"https://www.openstreetmap.org/relation/2187061"
"062";"Pas-de-Calais";"12";"062-08";"7171978";"https://www.openstreetmap.org/relation/7171978"
"062";"Pas-de-Calais";"12";"062-09";"2187063";"https://www.openstreetmap.org/relation/2187063"
"062";"Pas-de-Calais";"12";"062-10";"2187064";"https://www.openstreetmap.org/relation/2187064"
"062";"Pas-de-Calais";"12";"062-11";"2187065";"https://www.openstreetmap.org/relation/2187065"
"062";"Pas-de-Calais";"12";"062-12";"2187066";"https://www.openstreetmap.org/relation/2187066"
"063";"Puy-de-Dome";"5";"063-01";"2186537";"https://www.openstreetmap.org/relation/2186537"
"063";"Puy-de-Dome";"5";"063-02";"2186538";"https://www.openstreetmap.org/relation/2186538"
"063";"Puy-de-Dome";"5";"063-03";"2192937";"https://www.openstreetmap.org/relation/2192937"
"063";"Puy-de-Dome";"5";"063-04";"2192926";"https://www.openstreetmap.org/relation/2192926"
"063";"Puy-de-Dome";"5";"063-05";"2186539";"https://www.openstreetmap.org/relation/2186539"
"064";"Pyrenees-Atlantiques";"6";"064-01";"2750458";"https://www.openstreetmap.org/relation/2750458"
"064";"Pyrenees-Atlantiques";"6";"064-02";"7168941";"https://www.openstreetmap.org/relation/7168941"
"064";"Pyrenees-Atlantiques";"6";"064-03";"7168940";"https://www.openstreetmap.org/relation/7168940"
"064";"Pyrenees-Atlantiques";"6";"064-04";"2748030";"https://www.openstreetmap.org/relation/2748030"
"064";"Pyrenees-Atlantiques";"6";"064-05";"2747099";"https://www.openstreetmap.org/relation/2747099"
"064";"Pyrenees-Atlantiques";"6";"064-06";"2747100";"https://www.openstreetmap.org/relation/2747100"
"065";"Hautes-Pyrenees";"2";"065-01";"7172123";"https://www.openstreetmap.org/relation/7172123"
"065";"Hautes-Pyrenees";"2";"065-02";"7172121";"https://www.openstreetmap.org/relation/7172121"
"066";"Pyrenees-Orientales";"4";"066-01";"7174637";"https://www.openstreetmap.org/relation/7174637"
"066";"Pyrenees-Orientales";"4";"066-02";"7174638";"https://www.openstreetmap.org/relation/7174638"
"066";"Pyrenees-Orientales";"4";"066-03";"7174639";"https://www.openstreetmap.org/relation/7174639"
"066";"Pyrenees-Orientales";"4";"066-04";"2929099";"https://www.openstreetmap.org/relation/2929099"
"067";"Bas-Rhin";"9";"067-01";"7184916";"https://www.openstreetmap.org/relation/7184916"
"067";"Bas-Rhin";"9";"067-02";"2187922";"https://www.openstreetmap.org/relation/2187922"
"067";"Bas-Rhin";"9";"067-03";"2187923";"https://www.openstreetmap.org/relation/2187923"
"067";"Bas-Rhin";"9";"067-04";"2187924";"https://www.openstreetmap.org/relation/2187924"
"067";"Bas-Rhin";"9";"067-05";"2187925";"https://www.openstreetmap.org/relation/2187925"
"067";"Bas-Rhin";"9";"067-06";"2187926";"https://www.openstreetmap.org/relation/2187926"
"067";"Bas-Rhin";"9";"067-07";"2187927";"https://www.openstreetmap.org/relation/2187927"
"067";"Bas-Rhin";"9";"067-08";"2187928";"https://www.openstreetmap.org/relation/2187928"
"067";"Bas-Rhin";"9";"067-09";"2187929";"https://www.openstreetmap.org/relation/2187929"
"068";"Haut-Rhin";"6";"068-01";"2187930";"https://www.openstreetmap.org/relation/2187930"
"068";"Haut-Rhin";"6";"068-02";"2187931";"https://www.openstreetmap.org/relation/2187931"
"068";"Haut-Rhin";"6";"068-03";"2187932";"https://www.openstreetmap.org/relation/2187932"
"068";"Haut-Rhin";"6";"068-04";"2187933";"https://www.openstreetmap.org/relation/2187933"
"068";"Haut-Rhin";"6";"068-05";"2187934";"https://www.openstreetmap.org/relation/2187934"
"068";"Haut-Rhin";"6";"068-06";"2187935";"https://www.openstreetmap.org/relation/2187935"
"069";"Rhone";"14";"069-01";"7147687";"https://www.openstreetmap.org/relation/7147687"
"069";"Rhone";"14";"069-02";"7147686";"https://www.openstreetmap.org/relation/7147686"
"069";"Rhone";"14";"069-03";"7147685";"https://www.openstreetmap.org/relation/7147685"
"069";"Rhone";"14";"069-04";"7147684";"https://www.openstreetmap.org/relation/7147684"
"069";"Rhone";"14";"069-05";"2186555";"https://www.openstreetmap.org/relation/2186555"
"069";"Rhone";"14";"069-06";"2186556";"https://www.openstreetmap.org/relation/2186556"
"069";"Rhone";"14";"069-07";"2186557";"https://www.openstreetmap.org/relation/2186557"
"069";"Rhone";"14";"069-08";"2186558";"https://www.openstreetmap.org/relation/2186558"
"069";"Rhone";"14";"069-09";"2186559";"https://www.openstreetmap.org/relation/2186559"
"069";"Rhone";"14";"069-10";"2186560";"https://www.openstreetmap.org/relation/2186560"
"069";"Rhone";"14";"069-11";"2186561";"https://www.openstreetmap.org/relation/2186561"
"069";"Rhone";"14";"069-12";"2186562";"https://www.openstreetmap.org/relation/2186562"
"069";"Rhone";"14";"069-13";"2186563";"https://www.openstreetmap.org/relation/2186563"
"069";"Rhone";"14";"069-14";"2186564";"https://www.openstreetmap.org/relation/2186564"
"070";"Haute-Saone";"2";"070-01";"2188560";"https://www.openstreetmap.org/relation/2188560"
"070";"Haute-Saone";"2";"070-02";"2188561";"https://www.openstreetmap.org/relation/2188561"
"071";"Saone-et-Loire";"5";"071-01";"3392209";"https://www.openstreetmap.org/relation/3392209"
"071";"Saone-et-Loire";"5";"071-02";"3402859";"https://www.openstreetmap.org/relation/3402859"
"071";"Saone-et-Loire";"5";"071-03";"3402860";"https://www.openstreetmap.org/relation/3402860"
"071";"Saone-et-Loire";"5";"071-04";"3402843";"https://www.openstreetmap.org/relation/3402843"
"071";"Saone-et-Loire";"5";"071-05";"3402861";"https://www.openstreetmap.org/relation/3402861"
"072";"Sarthe";"5";"072-01";"2190370";"https://www.openstreetmap.org/relation/2190370"
"072";"Sarthe";"5";"072-02";"2190371";"https://www.openstreetmap.org/relation/2190371"
"072";"Sarthe";"5";"072-03";"2190372";"https://www.openstreetmap.org/relation/2190372"
"072";"Sarthe";"5";"072-04";"2190373";"https://www.openstreetmap.org/relation/2190373"
"072";"Sarthe";"5";"072-05";"2190374";"https://www.openstreetmap.org/relation/2190374"
"073";"Savoie";"4";"073-01";"2187134";"https://www.openstreetmap.org/relation/2187134"
"073";"Savoie";"4";"073-02";"2187135";"https://www.openstreetmap.org/relation/2187135"
"073";"Savoie";"4";"073-03";"2187136";"https://www.openstreetmap.org/relation/2187136"
"073";"Savoie";"4";"073-04";"2187137";"https://www.openstreetmap.org/relation/2187137"
"074";"Haute-Savoie";"6";"074-01";"2187141";"https://www.openstreetmap.org/relation/2187141"
"074";"Haute-Savoie";"6";"074-02";"2187142";"https://www.openstreetmap.org/relation/2187142"
"074";"Haute-Savoie";"6";"074-03";"2187143";"https://www.openstreetmap.org/relation/2187143"
"074";"Haute-Savoie";"6";"074-04";"2187144";"https://www.openstreetmap.org/relation/2187144"
"074";"Haute-Savoie";"6";"074-05";"2187145";"https://www.openstreetmap.org/relation/2187145"
"074";"Haute-Savoie";"6";"074-06";"2187146";"https://www.openstreetmap.org/relation/2187146"
"075";"Paris";"18";"075-01";"2193668";"https://www.openstreetmap.org/relation/2193668"
"075";"Paris";"18";"075-02";"2193681";"https://www.openstreetmap.org/relation/2193681"
"075";"Paris";"18";"075-03";"2193744";"https://www.openstreetmap.org/relation/2193744"
"075";"Paris";"18";"075-04";"2193748";"https://www.openstreetmap.org/relation/2193748"
"075";"Paris";"18";"075-05";"2186812";"https://www.openstreetmap.org/relation/2186812"
"075";"Paris";"18";"075-06";"2193858";"https://www.openstreetmap.org/relation/2193858"
"075";"Paris";"18";"075-07";"2193864";"https://www.openstreetmap.org/relation/2193864"
"075";"Paris";"18";"075-08";"2193901";"https://www.openstreetmap.org/relation/2193901"
"075";"Paris";"18";"075-09";"2193902";"https://www.openstreetmap.org/relation/2193902"
"075";"Paris";"18";"075-10";"2193925";"https://www.openstreetmap.org/relation/2193925"
"075";"Paris";"18";"075-11";"2194753";"https://www.openstreetmap.org/relation/2194753"
"075";"Paris";"18";"075-12";"2194898";"https://www.openstreetmap.org/relation/2194898"
"075";"Paris";"18";"075-13";"2194903";"https://www.openstreetmap.org/relation/2194903"
"075";"Paris";"18";"075-14";"2194987";"https://www.openstreetmap.org/relation/2194987"
"075";"Paris";"18";"075-15";"2194991";"https://www.openstreetmap.org/relation/2194991"
"075";"Paris";"18";"075-16";"2195025";"https://www.openstreetmap.org/relation/2195025"
"075";"Paris";"18";"075-17";"2195126";"https://www.openstreetmap.org/relation/2195126"
"075";"Paris";"18";"075-18";"2195141";"https://www.openstreetmap.org/relation/2195141"
"076";"Seine-Maritime";"10";"076-01";"2187185";"https://www.openstreetmap.org/relation/2187185"
"076";"Seine-Maritime";"10";"076-02";"3044660";"https://www.openstreetmap.org/relation/3044660"
"076";"Seine-Maritime";"10";"076-03";"2187187";"https://www.openstreetmap.org/relation/2187187"
"076";"Seine-Maritime";"10";"076-04";"2187188";"https://www.openstreetmap.org/relation/2187188"
"076";"Seine-Maritime";"10";"076-05";"3044664";"https://www.openstreetmap.org/relation/3044664"
"076";"Seine-Maritime";"10";"076-06";"3044686";"https://www.openstreetmap.org/relation/3044686"
"076";"Seine-Maritime";"10";"076-07";"2187191";"https://www.openstreetmap.org/relation/2187191"
"076";"Seine-Maritime";"10";"076-08";"2187192";"https://www.openstreetmap.org/relation/2187192"
"076";"Seine-Maritime";"10";"076-09";"3044693";"https://www.openstreetmap.org/relation/3044693"
"076";"Seine-Maritime";"10";"076-10";"3044718";"https://www.openstreetmap.org/relation/3044718"
"077";"Seine-et-Marne";"11";"077-01";"2186127";"https://www.openstreetmap.org/relation/2186127"
"077";"Seine-et-Marne";"11";"077-02";"2186128";"https://www.openstreetmap.org/relation/2186128"
"077";"Seine-et-Marne";"11";"077-03";"2186129";"https://www.openstreetmap.org/relation/2186129"
"077";"Seine-et-Marne";"11";"077-04";"2186130";"https://www.openstreetmap.org/relation/2186130"
"077";"Seine-et-Marne";"11";"077-05";"2186131";"https://www.openstreetmap.org/relation/2186131"
"077";"Seine-et-Marne";"11";"077-06";"2186133";"https://www.openstreetmap.org/relation/2186133"
"077";"Seine-et-Marne";"11";"077-07";"2186134";"https://www.openstreetmap.org/relation/2186134"
"077";"Seine-et-Marne";"11";"077-08";"2186135";"https://www.openstreetmap.org/relation/2186135"
"077";"Seine-et-Marne";"11";"077-09";"2186136";"https://www.openstreetmap.org/relation/2186136"
"077";"Seine-et-Marne";"11";"077-10";"2186137";"https://www.openstreetmap.org/relation/2186137"
"077";"Seine-et-Marne";"11";"077-11";"2186138";"https://www.openstreetmap.org/relation/2186138"
"078";"Yvelines";"12";"078-01";"2205193";"https://www.openstreetmap.org/relation/2205193"
"078";"Yvelines";"12";"078-02";"2205195";"https://www.openstreetmap.org/relation/2205195"
"078";"Yvelines";"12";"078-03";"2205196";"https://www.openstreetmap.org/relation/2205196"
"078";"Yvelines";"12";"078-04";"2186046";"https://www.openstreetmap.org/relation/2186046"
"078";"Yvelines";"12";"078-05";"2186047";"https://www.openstreetmap.org/relation/2186047"
"078";"Yvelines";"12";"078-06";"2186048";"https://www.openstreetmap.org/relation/2186048"
"078";"Yvelines";"12";"078-07";"2186049";"https://www.openstreetmap.org/relation/2186049"
"078";"Yvelines";"12";"078-08";"2186050";"https://www.openstreetmap.org/relation/2186050"
"078";"Yvelines";"12";"078-09";"2186051";"https://www.openstreetmap.org/relation/2186051"
"078";"Yvelines";"12";"078-10";"2186052";"https://www.openstreetmap.org/relation/2186052"
"078";"Yvelines";"12";"078-11";"2205197";"https://www.openstreetmap.org/relation/2205197"
"078";"Yvelines";"12";"078-12";"2186054";"https://www.openstreetmap.org/relation/2186054"
"079";"Deux-Sevres";"3";"079-01";"2187079";"https://www.openstreetmap.org/relation/2187079"
"079";"Deux-Sevres";"3";"079-02";"2187080";"https://www.openstreetmap.org/relation/2187080"
"079";"Deux-Sevres";"3";"079-03";"2187082";"https://www.openstreetmap.org/relation/2187082"
"080";"Somme";"5";"080-01";"7171953";"https://www.openstreetmap.org/relation/7171953"
"080";"Somme";"5";"080-02";"7171954";"https://www.openstreetmap.org/relation/7171954"
"080";"Somme";"5";"080-03";"7171955";"https://www.openstreetmap.org/relation/7171955"
"080";"Somme";"5";"080-04";"7171952";"https://www.openstreetmap.org/relation/7171952"
"080";"Somme";"5";"080-05";"7171951";"https://www.openstreetmap.org/relation/7171951"
"081";"Tarn";"3";"081-01";"2186452";"https://www.openstreetmap.org/relation/2186452"
"081";"Tarn";"3";"081-02";"2186453";"https://www.openstreetmap.org/relation/2186453"
"081";"Tarn";"3";"081-03";"2186454";"https://www.openstreetmap.org/relation/2186454"
"082";"Tarn-et-Garonne";"2";"082-01";"2186467";"https://www.openstreetmap.org/relation/2186467"
"082";"Tarn-et-Garonne";"2";"082-02";"2186469";"https://www.openstreetmap.org/relation/2186469"
"083";"Var";"8";"083-01";"7184718";"https://www.openstreetmap.org/relation/7184718"
"083";"Var";"8";"083-02";"2186974";"https://www.openstreetmap.org/relation/2186974"
"083";"Var";"8";"083-03";"2186975";"https://www.openstreetmap.org/relation/2186975"
"083";"Var";"8";"083-04";"2186976";"https://www.openstreetmap.org/relation/2186976"
"083";"Var";"8";"083-05";"2186977";"https://www.openstreetmap.org/relation/2186977"
"083";"Var";"8";"083-06";"2751923";"https://www.openstreetmap.org/relation/2751923"
"083";"Var";"8";"083-07";"2186979";"https://www.openstreetmap.org/relation/2186979"
"083";"Var";"8";"083-08";"2752299";"https://www.openstreetmap.org/relation/2752299"
"084";"Vaucluse";"5";"084-01";"2186823";"https://www.openstreetmap.org/relation/2186823"
"084";"Vaucluse";"5";"084-02";"2186824";"https://www.openstreetmap.org/relation/2186824"
"084";"Vaucluse";"5";"084-03";"2186825";"https://www.openstreetmap.org/relation/2186825"
"084";"Vaucluse";"5";"084-04";"2186826";"https://www.openstreetmap.org/relation/2186826"
"084";"Vaucluse";"5";"084-05";"2186832";"https://www.openstreetmap.org/relation/2186832"
"085";"Vendee";"5";"085-01";"2187037";"https://www.openstreetmap.org/relation/2187037"
"085";"Vendee";"5";"085-02";"2187039";"https://www.openstreetmap.org/relation/2187039"
"085";"Vendee";"5";"085-03";"2187040";"https://www.openstreetmap.org/relation/2187040"
"085";"Vendee";"5";"085-04";"2187041";"https://www.openstreetmap.org/relation/2187041"
"085";"Vendee";"5";"085-05";"2187047";"https://www.openstreetmap.org/relation/2187047"
"086";"Vienne";"4";"086-01";"2187101";"https://www.openstreetmap.org/relation/2187101"
"086";"Vienne";"4";"086-02";"2187102";"https://www.openstreetmap.org/relation/2187102"
"086";"Vienne";"4";"086-03";"2187103";"https://www.openstreetmap.org/relation/2187103"
"086";"Vienne";"4";"086-04";"2187104";"https://www.openstreetmap.org/relation/2187104"
"087";"Haute-Vienne";"3";"087-01";"2186520";"https://www.openstreetmap.org/relation/2186520"
"087";"Haute-Vienne";"3";"087-02";"2186521";"https://www.openstreetmap.org/relation/2186521"
"087";"Haute-Vienne";"3";"087-03";"2186522";"https://www.openstreetmap.org/relation/2186522"
"088";"Vosges";"4";"088-01";"2196438";"https://www.openstreetmap.org/relation/2196438"
"088";"Vosges";"4";"088-02";"2196477";"https://www.openstreetmap.org/relation/2196477"
"088";"Vosges";"4";"088-03";"2196457";"https://www.openstreetmap.org/relation/2196457"
"088";"Vosges";"4";"088-04";"2196478";"https://www.openstreetmap.org/relation/2196478"
"089";"Yonne";"3";"089-01";"3492003";"https://www.openstreetmap.org/relation/3492003"
"089";"Yonne";"3";"089-02";"3492004";"https://www.openstreetmap.org/relation/3492004"
"089";"Yonne";"3";"089-03";"2973892";"https://www.openstreetmap.org/relation/2973892"
"090";"Territoire de Belfort";"2";"090-01";"2187183";"https://www.openstreetmap.org/relation/2187183"
"090";"Territoire de Belfort";"2";"090-02";"2187184";"https://www.openstreetmap.org/relation/2187184"
"091";"Essonne";"10";"091-01";"2186027";"https://www.openstreetmap.org/relation/2186027"
"091";"Essonne";"10";"091-02";"2186028";"https://www.openstreetmap.org/relation/2186028"
"091";"Essonne";"10";"091-03";"2186029";"https://www.openstreetmap.org/relation/2186029"
"091";"Essonne";"10";"091-04";"2186030";"https://www.openstreetmap.org/relation/2186030"
"091";"Essonne";"10";"091-05";"2186031";"https://www.openstreetmap.org/relation/2186031"
"091";"Essonne";"10";"091-06";"2186032";"https://www.openstreetmap.org/relation/2186032"
"091";"Essonne";"10";"091-07";"2186033";"https://www.openstreetmap.org/relation/2186033"
"091";"Essonne";"10";"091-08";"2186034";"https://www.openstreetmap.org/relation/2186034"
"091";"Essonne";"10";"091-09";"2186035";"https://www.openstreetmap.org/relation/2186035"
"091";"Essonne";"10";"091-10";"2186036";"https://www.openstreetmap.org/relation/2186036"
"092";"Hauts-de-Seine";"13";"092-01";"2186150";"https://www.openstreetmap.org/relation/2186150"
"092";"Hauts-de-Seine";"13";"092-02";"2186151";"https://www.openstreetmap.org/relation/2186151"
"092";"Hauts-de-Seine";"13";"092-03";"2186152";"https://www.openstreetmap.org/relation/2186152"
"092";"Hauts-de-Seine";"13";"092-04";"2186153";"https://www.openstreetmap.org/relation/2186153"
"092";"Hauts-de-Seine";"13";"092-05";"2186154";"https://www.openstreetmap.org/relation/2186154"
"092";"Hauts-de-Seine";"13";"092-06";"2186155";"https://www.openstreetmap.org/relation/2186155"
"092";"Hauts-de-Seine";"13";"092-07";"2186156";"https://www.openstreetmap.org/relation/2186156"
"092";"Hauts-de-Seine";"13";"092-08";"2186157";"https://www.openstreetmap.org/relation/2186157"
"092";"Hauts-de-Seine";"13";"092-09";"2200084";"https://www.openstreetmap.org/relation/2200084"
"092";"Hauts-de-Seine";"13";"092-10";"2186158";"https://www.openstreetmap.org/relation/2186158"
"092";"Hauts-de-Seine";"13";"092-11";"2186159";"https://www.openstreetmap.org/relation/2186159"
"092";"Hauts-de-Seine";"13";"092-12";"2186160";"https://www.openstreetmap.org/relation/2186160"
"092";"Hauts-de-Seine";"13";"092-13";"2186161";"https://www.openstreetmap.org/relation/2186161"
"093";"Seine-Saint-Denis";"12";"093-01";"2186182";"https://www.openstreetmap.org/relation/2186182"
"093";"Seine-Saint-Denis";"12";"093-02";"2186183";"https://www.openstreetmap.org/relation/2186183"
"093";"Seine-Saint-Denis";"12";"093-03";"2186184";"https://www.openstreetmap.org/relation/2186184"
"093";"Seine-Saint-Denis";"12";"093-04";"2186185";"https://www.openstreetmap.org/relation/2186185"
"093";"Seine-Saint-Denis";"12";"093-05";"2186186";"https://www.openstreetmap.org/relation/2186186"
"093";"Seine-Saint-Denis";"12";"093-06";"2186187";"https://www.openstreetmap.org/relation/2186187"
"093";"Seine-Saint-Denis";"12";"093-07";"2186188";"https://www.openstreetmap.org/relation/2186188"
"093";"Seine-Saint-Denis";"12";"093-08";"2186189";"https://www.openstreetmap.org/relation/2186189"
"093";"Seine-Saint-Denis";"12";"093-09";"2186190";"https://www.openstreetmap.org/relation/2186190"
"093";"Seine-Saint-Denis";"12";"093-10";"2186191";"https://www.openstreetmap.org/relation/2186191"
"093";"Seine-Saint-Denis";"12";"093-11";"2186192";"https://www.openstreetmap.org/relation/2186192"
"093";"Seine-Saint-Denis";"12";"093-12";"2186193";"https://www.openstreetmap.org/relation/2186193"
"094";"Val-de-Marne";"11";"094-01";"2185985";"https://www.openstreetmap.org/relation/2185985"
"094";"Val-de-Marne";"11";"094-02";"2186005";"https://www.openstreetmap.org/relation/2186005"
"094";"Val-de-Marne";"11";"094-03";"2049345";"https://www.openstreetmap.org/relation/2049345"
"094";"Val-de-Marne";"11";"094-04";"2049346";"https://www.openstreetmap.org/relation/2049346"
"094";"Val-de-Marne";"11";"094-05";"2186006";"https://www.openstreetmap.org/relation/2186006"
"094";"Val-de-Marne";"11";"094-06";"2049347";"https://www.openstreetmap.org/relation/2049347"
"094";"Val-de-Marne";"11";"094-07";"2186007";"https://www.openstreetmap.org/relation/2186007"
"094";"Val-de-Marne";"11";"094-08";"2049348";"https://www.openstreetmap.org/relation/2049348"
"094";"Val-de-Marne";"11";"094-09";"2186009";"https://www.openstreetmap.org/relation/2186009"
"094";"Val-de-Marne";"11";"094-10";"2186008";"https://www.openstreetmap.org/relation/2186008"
"094";"Val-de-Marne";"11";"094-11";"2049344";"https://www.openstreetmap.org/relation/2049344"
"095";"Val-d'Oise";"10";"095-01";"2186139";"https://www.openstreetmap.org/relation/2186139"
"095";"Val-d'Oise";"10";"095-02";"2186140";"https://www.openstreetmap.org/relation/2186140"
"095";"Val-d'Oise";"10";"095-03";"2186141";"https://www.openstreetmap.org/relation/2186141"
"095";"Val-d'Oise";"10";"095-04";"2186142";"https://www.openstreetmap.org/relation/2186142"
"095";"Val-d'Oise";"10";"095-05";"2186143";"https://www.openstreetmap.org/relation/2186143"
"095";"Val-d'Oise";"10";"095-06";"2186144";"https://www.openstreetmap.org/relation/2186144"
"095";"Val-d'Oise";"10";"095-07";"2186145";"https://www.openstreetmap.org/relation/2186145"
"095";"Val-d'Oise";"10";"095-08";"2186146";"https://www.openstreetmap.org/relation/2186146"
"095";"Val-d'Oise";"10";"095-09";"2186147";"https://www.openstreetmap.org/relation/2186147"
"095";"Val-d'Oise";"10";"095-10";"2186148";"https://www.openstreetmap.org/relation/2186148"
"971";"Guadeloupe";"4";"971-01";"2193650";"https://www.openstreetmap.org/relation/2193650"
"971";"Guadeloupe";"4";"971-02";"2193651";"https://www.openstreetmap.org/relation/2193651"
"971";"Guadeloupe";"4";"971-03";"2193652";"https://www.openstreetmap.org/relation/2193652"
"971";"Guadeloupe";"4";"971-04";"2193654";"https://www.openstreetmap.org/relation/2193654"
"972";"Martinique";"4";"972-01";"2193664";"https://www.openstreetmap.org/relation/2193664"
"972";"Martinique";"4";"972-02";"2193665";"https://www.openstreetmap.org/relation/2193665"
"972";"Martinique";"4";"972-03";"2193666";"https://www.openstreetmap.org/relation/2193666"
"972";"Martinique";"4";"972-04";"2193667";"https://www.openstreetmap.org/relation/2193667"
"973";"Guyane";"2";"973-01";"7176550";"https://www.openstreetmap.org/relation/7176550"
"973";"Guyane";"2";"973-02";"7176551";"https://www.openstreetmap.org/relation/7176551"
"974";"La Reunion";"7";"974-01";"5837422";"https://www.openstreetmap.org/relation/5837422"
"974";"La Reunion";"7";"974-02";"2193733";"https://www.openstreetmap.org/relation/2193733"
"974";"La Reunion";"7";"974-03";"2193734";"https://www.openstreetmap.org/relation/2193734"
"974";"La Reunion";"7";"974-04";"2193735";"https://www.openstreetmap.org/relation/2193735"
"974";"La Reunion";"7";"974-05";"2193736";"https://www.openstreetmap.org/relation/2193736"
"974";"La Reunion";"7";"974-06";"2193739";"https://www.openstreetmap.org/relation/2193739"
"974";"La Reunion";"7";"974-07";"2193740";"https://www.openstreetmap.org/relation/2193740"
"975";"Saint-Pierre-et-Miquelon";"1";"975-01";"7185066";"https://www.openstreetmap.org/relation/7185066"
"976";"Mayotte";"2";"976-01";"7185098";"https://www.openstreetmap.org/relation/7185098"
"976";"Mayotte";"2";"976-02";"7185097";"https://www.openstreetmap.org/relation/7185097"
"977";"Saint-Barthelemy";"1";"977-01";"7185072";"https://www.openstreetmap.org/relation/7185072"
"986";"Wallis-et-Futuna";"1";"986-01";"7185082";"https://www.openstreetmap.org/relation/7185082"
"987";"Polynesie francaise";"3";"987-01";"7168772";"https://www.openstreetmap.org/relation/7168772"
"987";"Polynesie francaise";"3";"987-02";"7168773";"https://www.openstreetmap.org/relation/7168773"
"987";"Polynesie francaise";"3";"987-03";"7168774";"https://www.openstreetmap.org/relation/7168774"
"988";"Nouvelle-Caledonie";"2";"988-01";"7168818";"https://www.openstreetmap.org/relation/7168818"
"988";"Nouvelle-Caledonie";"2";"988-02";"7168819";"https://www.openstreetmap.org/relation/7168819"
